{"stats":{"minecraft:killed_by":{"minecraft:creeper":1,"minecraft:spider":1},"minecraft:custom":{"minecraft:jump":244,"minecraft:time_since_rest":1191,"minecraft:damage_dealt":362,"minecraft:damage_taken":581,"minecraft:leave_game":3,"minecraft:sprint_one_cm":14947,"minecraft:play_time":5594,"minecraft:walk_one_cm":7592,"minecraft:time_since_death":1171,"minecraft:deaths":2,"minecraft:sneak_time":3,"minecraft:total_world_time":5594,"minecraft:fall_one_cm":5933,"minecraft:fly_one_cm":85726}},"DataVersion":3837}