{
  "minecraft:recipes/decorations/crafting_table": {
    "criteria": {
      "unlock_right_away": "2024-05-18 17:34:07 +0000"
    },
    "done": true
  },
  "minecraft:adventure/adventuring_time": {
    "criteria": {
      "minecraft:frozen_ocean": "2024-05-18 17:51:57 +0000",
      "minecraft:frozen_river": "2024-05-18 17:51:56 +0000",
      "minecraft:snowy_plains": "2024-05-18 17:34:08 +0000",
      "minecraft:snowy_beach": "2024-05-18 17:34:27 +0000"
    },
    "done": false
  },
  "minecraft:adventure/root": {
    "criteria": {
      "killed_by_something": "2024-05-18 17:51:44 +0000"
    },
    "done": true
  },
  "DataVersion": 3837
}